suburb,property_type,bedrooms,bathrooms,car_spaces,land_size_sqm,year_built,sale_price,sale_date,address,url
Bondi Beach,House,4,3,0,178,1920,3620000,2026-09-12,"33 Wellington Street, Bondi Beach, NSW 2026",https://www.realestate.com.au/sold/property-house-nsw-bondi+beach-152068524
Bondi Beach,Unit,1,1,0,1493,,900000,2026-09-04,"55/34 Campbell Parade, Bondi Beach, NSW 2026",https://www.realestate.com.au/sold/property-apartment-nsw-bondi+beach-151403036
Bondi Beach,Unit,2,2,1,593,1970,2125000,2026-08-17,"104/152 Campbell Parade, Bondi Beach, NSW 2026",https://www.realestate.com.au/sold/property-apartment-nsw-bondi+beach-151951640
Bondi Beach,Unit,1,1,0,943,,950000,2026-08-17,"21/40-42 Ramsgate Avenue, Bondi Beach, NSW 2026",https://www.realestate.com.au/sold/property-apartment-nsw-bondi+beach-151841112
Bondi Beach,Unit,1,1,1,381,,1075000,2026-08-14,"13/154 Glenayr Avenue, Bondi Beach, NSW 2026",https://www.realestate.com.au/sold/property-apartment-nsw-bondi+beach-151407524
Bondi Beach,Unit,2,1,0,532,,1350000,2026-08-03,"7/36 Ramsgate Avenue, Bondi Beach, NSW 2026",https://www.realestate.com.au/sold/property-apartment-nsw-bondi+beach-151815368
Bondi Beach,Unit,2,2,0,426,,2300000,2026-08-01,"2/55 Sir Thomas Mitchell Road, Bondi Beach, NSW 2026",https://www.realestate.com.au/sold/property-apartment-nsw-bondi+beach-151621532
Bondi Beach,House,2,1,2,445,,1535000,2026-07-29,"3/78 O'Brien Street, Bondi Beach, NSW 2026",https://www.realestate.com.au/sold/property-apartment-nsw-bondi+beach-151050208
Bondi Beach,Unit,2,1,0,310,,1555000,2026-06-16,"4/29 Beach Road, Bondi Beach, NSW 2026",https://www.realestate.com.au/sold/property-apartment-nsw-bondi+beach-151060596
Bondi Beach,Unit,1,1,0,582,,945000,2026-06-12,"2/118 Curlewis Street, Bondi Beach, NSW 2026",https://www.realestate.com.au/sold/property-apartment-nsw-bondi+beach-151199252
Bondi Beach,House,3,1,1,223,,3700000,2026-06-01,"22 Chambers Avenue, Bondi Beach, NSW 2026",https://www.realestate.com.au/sold/property-house-nsw-bondi+beach-151184092
Bondi Beach,Unit,2,1,0,596,,1200000,2026-05-27,"3/102 Curlewis Street, Bondi Beach, NSW 2026",https://www.realestate.com.au/sold/property-apartment-nsw-bondi+beach-151058952
Bondi Beach,Unit,2,2,1,1246,,1650000,2026-05-26,"5/57-57A O'Brien Street, Bondi Beach, NSW 2026",https://www.realestate.com.au/sold/property-apartment-nsw-bondi+beach-150996272
Bondi Beach,House,2,2,1,88,,1670000,2026-05-13,"4/22-28 O'Brien Street, Bondi Beach, NSW 2026",https://www.realestate.com.au/sold/property-other-nsw-bondi+beach-150914368
Bondi Beach,House,4,2,0,221,1930,4153000,2026-05-09,"9 Cox Avenue, Bondi Beach, NSW 2026",https://www.realestate.com.au/sold/property-house-nsw-bondi+beach-150852136
Bondi Beach,Unit,2,2,1,875,,1950000,2026-05-08,"2/22-28 O'Brien Street, Bondi Beach, NSW 2026",https://www.realestate.com.au/sold/property-apartment-nsw-bondi+beach-150914332
Bondi Beach,Unit,0,1,0,421,,665000,2026-04-23,"6/240 Campbell Parade, Bondi Beach, NSW 2026",https://www.realestate.com.au/sold/property-apartment-nsw-bondi+beach-150837088
Bondi Beach,Unit,2,1,0,630,,1370000,2026-04-17,"9/4 Ormond Street, Bondi Beach, NSW 2026",https://www.realestate.com.au/sold/property-apartment-nsw-bondi+beach-150710640
Bondi Beach,Unit,1,1,1,1377,,1660000,2026-04-16,"1/164-176 Campbell Parade, Bondi Beach, NSW 2026",https://www.realestate.com.au/sold/property-apartment-nsw-bondi+beach-150266032
Bondi Beach,Unit,2,1,0,1235,,1940000,2026-04-15,"9/26 Simpson Street, Bondi Beach, NSW 2026",https://www.realestate.com.au/sold/property-apartment-nsw-bondi+beach-150722844
Bondi Beach,Unit,2,1,2,379,,2150000,2026-04-10,"1/12 Ramsgate Avenue, Bondi Beach, NSW 2026",https://www.realestate.com.au/sold/property-apartment-nsw-bondi+beach-150416040
Bondi Beach,Unit,0,1,0,225,,1200000,2026-04-10,"104/134 Campbell Parade, Bondi Beach, NSW 2026",https://www.realestate.com.au/sold/property-studio-nsw-bondi+beach-149484528
Bondi Beach,Unit,1,1,0,452,,960000,2026-03-27,"7/15 Jaques Avenue, Bondi Beach, NSW 2026",https://www.realestate.com.au/sold/property-apartment-nsw-bondi+beach-150508204
Bondi Beach,Unit,1,1,0,528,,1030000,2026-03-26,"6/85 Curlewis Street, Bondi Beach, NSW 2026",https://www.realestate.com.au/sold/property-apartment-nsw-bondi+beach-150520248
Bondi Beach,Unit,3,2,2,624,,2600000,2026-03-19,"7/28 Roscoe Street, Bondi Beach, NSW 2026",https://www.realestate.com.au/sold/property-apartment-nsw-bondi+beach-150214384
Bondi Beach,Unit,2,1,0,1008,,1250000,2026-03-19,"29/177-179 Glenayr Avenue, Bondi Beach, NSW 2026",https://www.realestate.com.au/sold/property-apartment-nsw-bondi+beach-150532148
Bondi Beach,Unit,1,1,0,888,,1280000,2026-03-16,"1/8 Jaques Avenue, Bondi Beach, NSW 2026",https://www.realestate.com.au/sold/property-apartment-nsw-bondi+beach-150330736
Bondi Beach,House,2,1,0,368,,1085000,2026-03-10,"5/3-5 Hastings Parade, Bondi Beach, NSW 2026",https://www.realestate.com.au/sold/property-other-nsw-bondi+beach-150282944
Bondi Beach,Unit,1,1,0,414,,975000,2026-03-10,"10/90-94 Campbell Parade, Bondi Beach, NSW 2026",https://www.realestate.com.au/sold/property-apartment-nsw-bondi+beach-150414660
Bondi Beach,Unit,2,1,1,419,,1520000,2026-03-07,"2/157 Glenayr Avenue, Bondi Beach, NSW 2026",https://www.realestate.com.au/sold/property-apartment-nsw-bondi+beach-150283516
Bondi Beach,Unit,3,3,2,444,,8300000,2026-03-06,"14/102-106 Campbell Parade, Bondi Beach, NSW 2026",https://www.realestate.com.au/sold/property-apartment-nsw-bondi+beach-150296964
Bondi Beach,Unit,2,2,1,1007,,1900000,2026-03-05,"12/106-110 Hall Street, Bondi Beach, NSW 2026",https://www.realestate.com.au/sold/property-apartment-nsw-bondi+beach-150119384
Bondi Beach,Unit,2,1,1,1643,,1219000,2026-03-05,"1/261-265 Old South Head Road, Bondi Beach, NSW 2026",https://www.realestate.com.au/sold/property-apartment-nsw-bondi+beach-150277568
Bondi Beach,Unit,1,1,0,418,1930,1350000,2026-03-04,"1/9 Brighton Boulevard, Bondi Beach, NSW 2026",https://www.realestate.com.au/sold/property-apartment-nsw-bondi+beach-150437596
Bondi Beach,Unit,2,1,1,72,,1340000,2026-03-04,"3/43 Denham Street, Bondi, NSW 2026",https://www.realestate.com.au/sold/property-apartment-nsw-bondi+beach-150221000
Epping,House,5,4,4,746,,3638000,2026-09-14,"4 Second Avenue, Epping, NSW 2121",https://www.realestate.com.au/sold/property-house-nsw-epping-151642440
Epping,Unit,3,2,1,126,,1015000,2026-09-14,"103/18 Carlingford Road, Epping, NSW 2121",https://www.realestate.com.au/sold/property-apartment-nsw-epping-151733092
Epping,House,3,1,2,695,,2435000,2026-09-11,"8 Crown Street, Epping, NSW 2121",https://www.realestate.com.au/sold/property-house-nsw-epping-152203612
Epping,Unit,2,1,1,,2018,868000,2026-09-09,"1101/26 Cambridge Street, Epping, NSW 2121",https://www.realestate.com.au/sold/property-apartment-nsw-epping-152098672
Epping,Unit,2,2,1,3092,,800000,2026-09-09,"48/10-14 Hazlewood Place, Epping, NSW 2121",https://www.realestate.com.au/sold/property-apartment-nsw-epping-151847144
Epping,House,4,2,2,746,,2780000,2026-09-05,"22 Abuklea Road, Epping, NSW 2121",https://www.realestate.com.au/sold/property-house-nsw-epping-152040792
Epping,Unit,3,1,1,4187,1974,835000,2026-09-04,"22/34-40 Edensor Street, Epping, NSW 2121",https://www.realestate.com.au/sold/property-unit-nsw-epping-151757468
Epping,Unit,1,1,0,164,,540000,2026-09-01,"601/28 Cambridge Street, Epping, NSW 2121",https://www.realestate.com.au/sold/property-apartment-nsw-epping-148954844
Epping,House,4,2,1,998,1930,2910000,2026-08-29,"10 Bartil Close, Epping, NSW 2121",https://www.realestate.com.au/sold/property-house-nsw-epping-151982900
Epping,House,2,1,2,933,,2587000,2026-08-29,"2 Hillcrest Avenue, Epping, NSW 2121",https://www.realestate.com.au/sold/property-house-nsw-epping-151970636
Epping,House,3,1,1,668,,2350000,2026-08-28,"7 The Boulevarde, Epping, NSW 2121",https://www.realestate.com.au/sold/property-house-nsw-epping-151097280
Epping,Unit,2,2,1,165,,820000,2026-08-28,"10/30 Ferntree Place, Epping, NSW 2121",https://www.realestate.com.au/sold/property-apartment-nsw-epping-152099128
Epping,Unit,2,1,1,3280,,786000,2026-08-25,"9/2-4 Smith Street, Epping, NSW 2121",https://www.realestate.com.au/sold/property-apartment-nsw-epping-151978800
Epping,House,4,3,2,668,,2406888,2026-08-22,"10A Cumberland Street, Epping, NSW 2121",https://www.realestate.com.au/sold/property-duplex+semi-detached-nsw-epping-151994816
Epping,Unit,2,2,1,3541,,801000,2026-08-21,"308/27 Seven Street, Epping, NSW 2121",https://www.realestate.com.au/sold/property-unit-nsw-epping-151823228
Epping,Unit,1,1,1,4274,,720000,2026-08-21,"1806/22 Cambridge Street, Epping, NSW 2121",https://www.realestate.com.au/sold/property-apartment-nsw-epping-151497108
Epping,Unit,3,2,1,4424,,887500,2026-08-20,"13/24-32 Edensor Street, Epping, NSW 2121",https://www.realestate.com.au/sold/property-unit-nsw-epping-151529716
Epping,Unit,3,1,1,1098,,928880,2026-08-19,"5/17 Pembroke Street, Epping, NSW 2121",https://www.realestate.com.au/sold/property-unit-nsw-epping-151991628
Epping,Unit,2,2,1,7478,,755000,2026-08-17,"305/26 Ferntree Place, Epping, NSW 2121",https://www.realestate.com.au/sold/property-apartment-nsw-epping-151574444
Epping,Unit,1,1,0,4423,,535000,2026-08-07,"420/19 Epping Road, Epping, NSW 2121",https://www.realestate.com.au/sold/property-apartment-nsw-epping-151441744
Epping,Unit,3,2,2,153,,1308888,2026-08-06,"1510/22 Cambridge Street, Epping, NSW 2121",https://www.realestate.com.au/sold/property-apartment-nsw-epping-151639976
Epping,House,3,1,1,776,,2411000,2026-08-01,"21 Chesterfield Road, Epping, NSW 2121",https://www.realestate.com.au/sold/property-house-nsw-epping-151687664
Epping,House,5,4,2,655,,2450000,2026-07-31,"105 Midson Road, Epping, NSW 2121",https://www.realestate.com.au/sold/property-duplex+semi-detached-nsw-epping-151611448
Epping,Unit,1,1,1,7478,,600000,2026-07-30,"408/3 Ferntree Place, Epping, NSW 2121",https://www.realestate.com.au/sold/property-apartment-nsw-epping-151547532
Epping,Unit,3,2,2,2110,1992,1685000,2026-07-29,"4/22-24 Boronia Avenue, Epping, NSW 2121",https://www.realestate.com.au/sold/property-villa-nsw-epping-151726000
Epping,Unit,2,2,1,2682,,750000,2026-07-29,"102/31 Forest Grove, Epping, NSW 2121",https://www.realestate.com.au/sold/property-apartment-nsw-epping-151635664
Epping,Unit,2,1,1,110,,732000,2026-07-29,"505/20-24 Epping Road, Epping, NSW 2121",https://www.realestate.com.au/sold/property-apartment-nsw-epping-151666128
Epping,House,3,1,1,651,1920,2288888,2026-07-27,"46 Ray Road, Epping, NSW 2121",https://www.realestate.com.au/sold/property-house-nsw-epping-151632768
Epping,Unit,3,2,1,146,,960000,2026-07-24,"12/14 Edensor Street, Epping, NSW 2121",https://www.realestate.com.au/sold/property-unit-nsw-epping-151617580
Epping,Unit,2,2,1,113,,1010000,2026-07-23,"11/7-9 Essex Street, Epping, NSW 2121",https://www.realestate.com.au/sold/property-apartment-nsw-epping-151553412
Epping,Unit,2,2,1,115,,750000,2026-07-22,"205/16 Epping Park Drive, Epping, NSW 2121",https://www.realestate.com.au/sold/property-apartment-nsw-epping-151702344
Epping,Unit,2,1,1,1385,,635000,2026-07-02,"2/65 Oxford Street, Epping, NSW 2121",https://www.realestate.com.au/sold/property-unit-nsw-epping-151295232
Epping,Unit,2,2,1,122,,1050000,2026-07-17,"5/7-9 Essex Street, Epping, NSW 2121",https://www.realestate.com.au/sold/property-apartment-nsw-epping-151701544
Epping,Unit,2,1,2,159,,880000,2026-07-17,"2/28 Bridge Street, Epping, NSW 2121",https://www.realestate.com.au/sold/property-unit-nsw-epping-151927788
Epping,Unit,2,2,2,196,,1790000,2026-07-13,"4/15 Chester Street, Epping, NSW 2121",https://www.realestate.com.au/sold/property-villa-nsw-epping-151575112
Liverpool,Unit,3,2,2,1388,,650000,2026-09-17,"30/5-7 Northumberland Street, Liverpool, NSW 2170",https://www.realestate.com.au/sold/property-apartment-nsw-liverpool-151638248
Liverpool,Unit,2,2,2,1404,,510000,2026-09-17,"25/30-32 Copeland Street, Liverpool, NSW 2170",https://www.realestate.com.au/sold/property-apartment-nsw-liverpool-151702580
Liverpool,House,4,2,2,676,,2000000,2026-09-15,"3 Secant Street, Liverpool, NSW 2170",https://www.realestate.com.au/sold/property-house-nsw-liverpool-150588216
Liverpool,House,3,1,1,704,,1200000,2026-09-15,"40 Maryvale Avenue, Liverpool, NSW 2170",https://www.realestate.com.au/sold/property-house-nsw-liverpool-152249828
Liverpool,Unit,2,2,1,1732,2007,550000,2026-09-15,"8/8-10 Lachlan Street, Liverpool, NSW 2170",https://www.realestate.com.au/sold/property-unit-nsw-liverpool-151437432
Liverpool,Unit,2,1,1,,,480000,2026-09-14,"2/3-5 Nagle Street, Liverpool, NSW 2170",https://www.realestate.com.au/sold/property-unit-nsw-liverpool-151908456
Liverpool,House,6,2,2,592,,1150000,2026-09-11,"41 Tully Avenue, Liverpool, NSW 2170",https://www.realestate.com.au/sold/property-house-nsw-liverpool-151930956
Liverpool,Unit,2,2,1,3590,,600000,2026-09-11,"501/311 Hume Highway, Liverpool, NSW 2170",https://www.realestate.com.au/sold/property-unit-nsw-liverpool-152048988
Liverpool,Unit,2,2,1,131,,570000,2026-09-11,"505/17 Shepherd Street, Liverpool, NSW 2170",https://www.realestate.com.au/sold/property-unit-nsw-liverpool-152087256
Liverpool,Unit,2,2,1,5322,,530000,2026-09-11,"202/21 Atkinson Street, Liverpool, NSW 2170",https://www.realestate.com.au/sold/property-apartment-nsw-liverpool-151680820
Liverpool,Unit,3,1,1,969,1997,770000,2026-09-03,"3/1 Stanton Street, Liverpool, NSW 2170",https://www.realestate.com.au/sold/property-townhouse-nsw-liverpool-151601540
Liverpool,Unit,1,1,1,3043,2019,412000,2026-08-31,"308/6B Atkinson Street, Liverpool, NSW 2170",https://www.realestate.com.au/sold/property-apartment-nsw-liverpool-151934628
Liverpool,Unit,1,1,1,2045,,410000,2026-08-28,"42/87-91 Campbell Street, Liverpool, NSW 2170",https://www.realestate.com.au/sold/property-apartment-nsw-liverpool-151703084
Liverpool,Unit,2,1,1,957,,423000,2026-08-27,"9/53 Goulburn Street, Liverpool, NSW 2170",https://www.realestate.com.au/sold/property-unit-nsw-liverpool-151946852
Liverpool,Unit,2,2,1,3590,,570000,2026-08-25,"503/311 Hume Highway, Liverpool, NSW 2170",https://www.realestate.com.au/sold/property-apartment-nsw-liverpool-150811780
Liverpool,Unit,3,2,1,1280,,875000,2026-08-24,"4/44-46 Passefield Street, Liverpool, NSW 2170",https://www.realestate.com.au/sold/property-townhouse-nsw-liverpool-151890288
Liverpool,Unit,3,1,2,1947,,660000,2026-08-24,"8/9-11 Bathurst Street, Liverpool, NSW 2170",https://www.realestate.com.au/sold/property-unit-nsw-liverpool-151359976
Liverpool,Unit,2,2,1,106,,539000,2026-08-24,"1303/30 Shepherd Street, Liverpool, NSW 2170",https://www.realestate.com.au/sold/property-apartment-nsw-liverpool-148855372
Liverpool,Unit,2,1,1,1991,,385000,2026-08-24,"2/30 Speed Street, Liverpool, NSW 2170",https://www.realestate.com.au/sold/property-apartment-nsw-liverpool-151685284
Liverpool,House,3,1,1,651,,935000,2026-08-22,"8 Angelo Avenue, Liverpool, NSW 2170",https://www.realestate.com.au/sold/property-house-nsw-liverpool-151905060
Liverpool,House,3,2,1,387,,870000,2026-08-22,"5/10-14 Christie Street, Liverpool, NSW 2170",https://www.realestate.com.au/sold/property-house-nsw-liverpool-151716252
Liverpool,Unit,2,1,1,835,,433000,2026-08-21,"10/50 Castlereagh Street, Liverpool, NSW 2170",https://www.realestate.com.au/sold/property-unit-nsw-liverpool-151885248
Liverpool,Unit,2,2,1,2369,,570000,2026-08-19,"66/387 Macquarie Street, Liverpool, NSW 2170",https://www.realestate.com.au/sold/property-unit-nsw-liverpool-151685564
Liverpool,Unit,1,1,1,2369,,431000,2026-08-19,"40/387 Macquarie Street, Liverpool, NSW 2170",https://www.realestate.com.au/sold/property-apartment-nsw-liverpool-151256120
Liverpool,Unit,2,2,1,1074,,550000,2026-08-13,"401/21 Charles Street, Liverpool, NSW 2170",https://www.realestate.com.au/sold/property-apartment-nsw-liverpool-151780552
Liverpool,Unit,2,1,1,3153,,450000,2026-08-13,"20/8 Beale Street, Liverpool, NSW 2170",https://www.realestate.com.au/sold/property-apartment-nsw-liverpool-151540992
Liverpool,Unit,2,2,1,3590,,610000,2026-08-12,"805/311 Hume Highway, Liverpool, NSW 2170",https://www.realestate.com.au/sold/property-unit-nsw-liverpool-151789880
Liverpool,Unit,4,3,1,241,,962000,2026-08-10,"1/10 Tobruk Avenue, Liverpool, NSW 2170",https://www.realestate.com.au/sold/property-townhouse-nsw-liverpool-151751392
Liverpool,Unit,2,1,1,,,385000,2026-08-10,"32/17-19 Speed Street, Liverpool, NSW 2170",https://www.realestate.com.au/sold/property-apartment-nsw-liverpool-151470836
Liverpool,Unit,2,1,1,1038,,350000,2026-08-10,"5/66 Speed Street, Liverpool, NSW 2170",https://www.realestate.com.au/sold/property-unit-nsw-liverpool-151860000
Liverpool,Unit,3,2,1,,1990,730000,2026-08-07,"5/33-35 Bathurst Street, Liverpool, NSW 2170",https://www.realestate.com.au/sold/property-unit-nsw-liverpool-151603028
Liverpool,Unit,2,2,1,2938,,560000,2026-08-06,"G2/13-15 Bigge Street, Liverpool, NSW 2170",https://www.realestate.com.au/sold/property-apartment-nsw-liverpool-151478152
Liverpool,House,3,1,1,557,,960000,2026-08-03,"45 Birkdale Cres, Liverpool, NSW 2170",https://www.realestate.com.au/sold/property-house-nsw-liverpool-151515988
Liverpool,Unit,3,2,2,100,2021,748000,2026-08-03,"1903/311 Hume Highway, Liverpool, NSW 2170",https://www.realestate.com.au/sold/property-apartment-nsw-liverpool-151767964
Liverpool,Unit,2,1,1,1663,,415000,2026-07-31,"15/13 Speed Street, Liverpool, NSW 2170",https://www.realestate.com.au/sold/property-unit-nsw-liverpool-150894224
